{"epoch_vae": 30, "_step": 3779, "_runtime": 44, "_timestamp": 1680565794, "KLD": 4.605928897857666, "accuracy": 0.014781973324716091, "loss_vae": 44071.21484375, "epoch_lstm": 30, "loss_lstm": 0.10771037638187408}