{"epoch": 30, "_step": 1889, "_runtime": 22, "_timestamp": 1680564077, "KLD": 4.909475803375244, "accuracy": 0.017070412635803223, "loss": 259475.71875}